Workbook

Sheet Dashboard
A1: ADMITFLOW | PLANNED WORK DISTRIBUTION
A2: Task IDs, workstreams, owners and planned hours follow the supplied allocation. Dates, dependencies and task-level status are not recorded in that plan.
A4: PROJECT SNAPSHOT
A5: Planned tasks | E5: Total planned hours
A6: =COUNTA('Master Tracker'!$A$2:$A$69) | E6: =SUM('Master Tracker'!$G$2:$G$69)
A8: Actual hours recorded | E8: Task statuses recorded
A9: =SUM('Master Tracker'!$P$2:$P$69)+SUM('Work Log'!$E$2:$E$2) | E9: =0
A10: OWNER DISTRIBUTION | E10: PHASE EFFORT
A11: Owner | B11: Task Count | C11: Planned Hours | D11: Source | E11: Phase Order | F11: Phase | G11: Planned Hours | H11: Task Count
A12: Zahir | B12: =COUNTIF('Master Tracker'!$F$2:$F$69,A12) | C12: =SUMIF('Master Tracker'!$F$2:$F$69,A12,'Master Tracker'!$G$2:$G$69) | D12: Supplied distribution | E12: 1 | F12: Foundation | G12: =SUMIF('Master Tracker'!$B$2:$B$69,E12,'Master Tracker'!$G$2:$G$69) | H12: =COUNTIF('Master Tracker'!$B$2:$B$69,E12)
A13: Samiksha | B13: =COUNTIF('Master Tracker'!$F$2:$F$69,A13) | C13: =SUMIF('Master Tracker'!$F$2:$F$69,A13,'Master Tracker'!$G$2:$G$69) | D13: Supplied distribution | E13: 2 | F13: Planning | G13: =SUMIF('Master Tracker'!$B$2:$B$69,E13,'Master Tracker'!$G$2:$G$69) | H13: =COUNTIF('Master Tracker'!$B$2:$B$69,E13)
A14: Both | B14: =COUNTIF('Master Tracker'!$F$2:$F$69,A14) | C14: =SUMIF('Master Tracker'!$F$2:$F$69,A14,'Master Tracker'!$G$2:$G$69) | D14: Supplied distribution | E14: 3 | F14: Requirements | G14: =SUMIF('Master Tracker'!$B$2:$B$69,E14,'Master Tracker'!$G$2:$G$69) | H14: =COUNTIF('Master Tracker'!$B$2:$B$69,E14)
E15: 4 | F15: Data | G15: =SUMIF('Master Tracker'!$B$2:$B$69,E15,'Master Tracker'!$G$2:$G$69) | H15: =COUNTIF('Master Tracker'!$B$2:$B$69,E15)
E16: 5 | F16: Analytics | G16: =SUMIF('Master Tracker'!$B$2:$B$69,E16,'Master Tracker'!$G$2:$G$69) | H16: =COUNTIF('Master Tracker'!$B$2:$B$69,E16)
E17: 6 | F17: ML | G17: =SUMIF('Master Tracker'!$B$2:$B$69,E17,'Master Tracker'!$G$2:$G$69) | H17: =COUNTIF('Master Tracker'!$B$2:$B$69,E17)
E18: 7 | F18: Backend | G18: =SUMIF('Master Tracker'!$B$2:$B$69,E18,'Master Tracker'!$G$2:$G$69) | H18: =COUNTIF('Master Tracker'!$B$2:$B$69,E18)
E19: 8 | F19: Frontend | G19: =SUMIF('Master Tracker'!$B$2:$B$69,E19,'Master Tracker'!$G$2:$G$69) | H19: =COUNTIF('Master Tracker'!$B$2:$B$69,E19)
E20: 9 | F20: Engineering | G20: =SUMIF('Master Tracker'!$B$2:$B$69,E20,'Master Tracker'!$G$2:$G$69) | H20: =COUNTIF('Master Tracker'!$B$2:$B$69,E20)
E21: 10 | F21: Deployment | G21: =SUMIF('Master Tracker'!$B$2:$B$69,E21,'Master Tracker'!$G$2:$G$69) | H21: =COUNTIF('Master Tracker'!$B$2:$B$69,E21)
E22: 11 | F22: Documentation | G22: =SUMIF('Master Tracker'!$B$2:$B$69,E22,'Master Tracker'!$G$2:$G$69) | H22: =COUNTIF('Master Tracker'!$B$2:$B$69,E22)
E23: 12 | F23: Black Book | G23: =SUMIF('Master Tracker'!$B$2:$B$69,E23,'Master Tracker'!$G$2:$G$69) | H23: =COUNTIF('Master Tracker'!$B$2:$B$69,E23)
E24: 13 | F24: QA | G24: =SUMIF('Master Tracker'!$B$2:$B$69,E24,'Master Tracker'!$G$2:$G$69) | H24: =COUNTIF('Master Tracker'!$B$2:$B$69,E24)
E25: 14 | F25: Demo | G25: =SUMIF('Master Tracker'!$B$2:$B$69,E25,'Master Tracker'!$G$2:$G$69) | H25: =COUNTIF('Master Tracker'!$B$2:$B$69,E25)
E26: 15 | F26: Final | G26: =SUMIF('Master Tracker'!$B$2:$B$69,E26,'Master Tracker'!$G$2:$G$69) | H26: =COUNTIF('Master Tracker'!$B$2:$B$69,E26)
E33: SOURCE AND STATUS NOTES
E34: The supplied allocation records planned work only. Dates from 25-Sep-2026 through 03-Oct-2026 are illustrative schedule placeholders, not actual historical work dates. Task-level completion, dependencies, actual hours and outcomes remain unrecorded. Confirm each student's contribution before submission.
E37: KNOWN LIMITATIONS
E38: Synthetic data; weak classifier results; six annual observations in the forecast; assumption-driven scenarios; process-local audit log; build-size warning. Docker/CI/CD/live deployment and stakeholder study tasks are not verified as complete.

Sheet Master Tracker
A1: Task ID | B1: Phase Order | C1: Phase | D1: Task / Deliverable | E1: Requirement / Black Book Mapping | F1: Owner | G1: Planned Hours | H1: Illustrative Planned Date | I1: Dependencies | J1: Status | K1: Completion Date | L1: Milestone / Workstream Label | M1: Issue / Limitation | N1: Deliverable / Evidence | O1: Source Notes | P1: Actual Hours
A2: AF-001 | B2: 1 | C2: Foundation | D2: Finalize AdmitFlow product scope and positioning | E2: Product definition | F2: Zahir | G2: 3 | H2: 46290 | I2: Not specified in supplied task-distribution image | J2: Not recorded at task level | K2: Not recorded | L2: Planned workstream: Foundation | M2: No task-specific issue recorded. | N2: docs/PROJECT_SPEC.md; docs/ADMITFLOW_BLACK_BOOK.md | O2: Task ID, owner and planned hours transcribed from supplied distribution. Illustrative schedule date only; no actual work date was supplied.
A3: AF-002 | B3: 1 | C3: Foundation | D3: Review BDS-03 requirements and acceptance gates | E3: Faculty requirements | F3: Samiksha | G3: 3 | H3: 46290 | I3: Not specified in supplied task-distribution image | J3: Not recorded at task level | K3: Not recorded | L3: Planned workstream: Foundation | M3: No task-specific issue recorded. | N3: docs/ACCEPTANCE_CRITERIA.md; docs/PROJECT_SPEC.md | O3: Task ID, owner and planned hours transcribed from supplied distribution. Illustrative schedule date only; no actual work date was supplied.
A4: AF-003 | B4: 2 | C4: Planning | D4: Set up GitHub repo, issue board and workflow | E4: Engineering evidence | F4: Zahir | G4: 3 | H4: 46290 | I4: Not specified in supplied task-distribution image | J4: Not recorded at task level | K4: Not recorded | L4: Planned workstream: Planning | M4: No task-specific issue recorded. | N4: .git; Git history (repository metadata) | O4: Task ID, owner and planned hours transcribed from supplied distribution. Illustrative schedule date only; no actual work date was supplied.
A5: AF-004 | B5: 2 | C5: Planning | D5: Create backlog and milestone plan | E5: Problem brief | F5: Samiksha | G5: 4 | H5: 46290 | I5: Not specified in supplied task-distribution image | J5: Not recorded at task level | K5: Not recorded | L5: Planned workstream: Planning | M5: No task-specific issue recorded. | N5: docs/DEVELOPMENT_PLAN.md | O5: Task ID, owner and planned hours transcribed from supplied distribution. Illustrative schedule date only; no actual work date was supplied.
A6: AF-005 | B6: 3 | C6: Requirements | D6: Stakeholder map and personas | E6: Chapter 1 / Problem validation | F6: Samiksha | G6: 4 | H6: 46290 | I6: Not specified in supplied task-distribution image | J6: Not recorded at task level | K6: Not recorded | L6: Planned workstream: Requirements | M6: No task-specific issue recorded. | N6: docs/PROJECT_SPEC.md; docs/ADMITFLOW_BLACK_BOOK.md | O6: Task ID, owner and planned hours transcribed from supplied distribution. Illustrative schedule date only; no actual work date was supplied.
A7: AF-006 | B7: 3 | C7: Requirements | D7: User stories and acceptance criteria | E7: Chapter 2 / Requirements | F7: Samiksha | G7: 5 | H7: 46290 | I7: Not specified in supplied task-distribution image | J7: Not recorded at task level | K7: Not recorded | L7: Planned workstream: Requirements | M7: No task-specific issue recorded. | N7: docs/ACCEPTANCE_CRITERIA.md; docs/PROJECT_SPEC.md | O7: Task ID, owner and planned hours transcribed from supplied distribution. Illustrative schedule date only; no actual work date was supplied.
A8: AF-007 | B8: 3 | C8: Requirements | D8: Misuse cases, risks and scope exclusions | E8: Threat/misuse analysis | F8: Samiksha | G8: 4 | H8: 46290 | I8: Not specified in supplied task-distribution image | J8: Not recorded at task level | K8: Not recorded | L8: Planned workstream: Requirements | M8: No task-specific issue recorded. | N8: docs/PROJECT_SPEC.md; docs/ADMITFLOW_BLACK_BOOK.md | O8: Task ID, owner and planned hours transcribed from supplied distribution. Illustrative schedule date only; no actual work date was supplied.
A9: AF-008 | B9: 4 | C9: Data | D9: Admission funnel/event data model | E9: Funnel model / ERD | F9: Zahir | G9: 6 | H9: 46290 | I9: Not specified in supplied task-distribution image | J9: Not recorded at task level | K9: Not recorded | L9: Planned workstream: Data | M9: No task-specific issue recorded. | N9: docs/ARCHITECTURE.md; docs/DATA_DICTIONARY.md; backend/admitflow/analytics.py | O9: Task ID, owner and planned hours transcribed from supplied distribution. Illustrative schedule date only; no actual work date was supplied.
A10: AF-009 | B10: 4 | C10: Data | D10: Data dictionary and synthetic-data protocol if needed | E10: Data/model package | F10: Zahir | G10: 5 | H10: 46290 | I10: Not specified in supplied task-distribution image | J10: Not recorded at task level | K10: Not recorded | L10: Planned workstream: Data | M10: No task-specific issue recorded. | N10: backend/admitflow/data_generator.py; scripts/generate_dataset.py; docs/DATA_DICTIONARY.md | O10: Task ID, owner and planned hours transcribed from supplied distribution. Illustrative schedule date only; no actual work date was supplied.
A11: AF-010 | B11: 4 | C11: Data | D11: Data intake/import | E11: Integrated prototype | F11: Zahir | G11: 6 | H11: 46291 | I11: Not specified in supplied task-distribution image | J11: Not recorded at task level | K11: Not recorded | L11: Planned workstream: Data | M11: Data intake/import is not evidenced; current application reads the supplied CSV. | N11: Not located; planned deliverable. The application reads the supplied CSV; no data intake/import workflow is documented. | O11: Task ID, owner and planned hours transcribed from supplied distribution. Illustrative schedule date only; no actual work date was supplied.
A12: AF-011 | B12: 4 | C12: Data | D12: Data validation and quality checks | E12: Data-quality monitoring | F12: Zahir | G12: 6 | H12: 46291 | I12: Not specified in supplied task-distribution image | J12: Not recorded at task level | K12: Not recorded | L12: Planned workstream: Data | M12: No task-specific issue recorded. | N12: evidence/dataset/validation_report.json; backend/admitflow/data_generator.py | O12: Task ID, owner and planned hours transcribed from supplied distribution. Illustrative schedule date only; no actual work date was supplied.
A13: AF-012 | B13: 5 | C13: Analytics | D13: Funnel conversion calculations | E13: Funnel analysis | F13: Zahir | G13: 7 | H13: 46291 | I13: Not specified in supplied task-distribution image | J13: Not recorded at task level | K13: Not recorded | L13: Planned workstream: Analytics | M13: No task-specific issue recorded. | N13: evidence/metrics/analytics_report.json; backend/admitflow/analytics.py | O13: Task ID, owner and planned hours transcribed from supplied distribution. Illustrative schedule date only; no actual work date was supplied.
... A69: AF-068 | B69: 15 | C69: Final | D69: Finalize actual contribution evidence and logs | E69: Individual ownership | F69: Both | G69: 4 | H69: 46298 | I69: Not specified in supplied task-distribution image | J69: Not recorded at task level | K69: Not recorded | L69: Planned workstream: Final | M69: Individual task contributions and actual work logs are not recorded. | N69: Not recorded; individual contribution logs and actual hours were not supplied. | O69: Task ID, owner and planned hours transcribed from supplied distribution. Illustrative schedule date only; no actual work date was supplied.

Sheet Timeline & Dependencies
A1: Phase Order | B1: Phase | C1: Task IDs | D1: Planned Hours | E1: Task Count | F1: Illustrative Planned Date | G1: Dependencies | H1: Timeline Basis / Notes | I1: Status
A2: 1 | B2: Foundation | C2: AF-001, AF-002 | D2: =SUMIF('Master Tracker'!$B$2:$B$69,A2,'Master Tracker'!$G$2:$G$69) | E2: =COUNTIF('Master Tracker'!$B$2:$B$69,A2) | F2: 46290 | G2: Not specified in supplied plan | H2: Illustrative phase ordering only; actual dependencies were not supplied. | I2: Planned; task-level status not recorded
A3: 2 | B3: Planning | C3: AF-003, AF-004 | D3: =SUMIF('Master Tracker'!$B$2:$B$69,A3,'Master Tracker'!$G$2:$G$69) | E3: =COUNTIF('Master Tracker'!$B$2:$B$69,A3) | F3: 46290 | G3: Not specified in supplied plan | H3: Illustrative phase ordering only; actual dependencies were not supplied. | I3: Planned; task-level status not recorded
A4: 3 | B4: Requirements | C4: AF-005, AF-006, AF-007 | D4: =SUMIF('Master Tracker'!$B$2:$B$69,A4,'Master Tracker'!$G$2:$G$69) | E4: =COUNTIF('Master Tracker'!$B$2:$B$69,A4) | F4: 46290 | G4: Not specified in supplied plan | H4: Illustrative phase ordering only; actual dependencies were not supplied. | I4: Planned; task-level status not recorded
A5: 4 | B5: Data | C5: AF-008, AF-009, AF-010, AF-011 | D5: =SUMIF('Master Tracker'!$B$2:$B$69,A5,'Master Tracker'!$G$2:$G$69) | E5: =COUNTIF('Master Tracker'!$B$2:$B$69,A5) | F5: 46290 | G5: Not specified in supplied plan | H5: Illustrative phase ordering only; actual dependencies were not supplied. | I5: Planned; task-level status not recorded
A6: 5 | B6: Analytics | C6: AF-012, AF-013, AF-014 | D6: =SUMIF('Master Tracker'!$B$2:$B$69,A6,'Master Tracker'!$G$2:$G$69) | E6: =COUNTIF('Master Tracker'!$B$2:$B$69,A6) | F6: 46291 | G6: Not specified in supplied plan | H6: Illustrative phase ordering only; actual dependencies were not supplied. | I6: Planned; task-level status not recorded
A7: 6 | B7: ML | C7: AF-015, AF-016, AF-017, AF-018, AF-019, AF-020 | D7: =SUMIF('Master Tracker'!$B$2:$B$69,A7,'Master Tracker'!$G$2:$G$69) | E7: =COUNTIF('Master Tracker'!$B$2:$B$69,A7) | F7: 46291 | G7: Not specified in supplied plan | H7: Illustrative phase ordering only; actual dependencies were not supplied. | I7: Planned; task-level status not recorded
A8: 7 | B8: Backend | C8: AF-021, AF-022, AF-023, AF-024, AF-025 | D8: =SUMIF('Master Tracker'!$B$2:$B$69,A8,'Master Tracker'!$G$2:$G$69) | E8: =COUNTIF('Master Tracker'!$B$2:$B$69,A8) | F8: 46292 | G8: Not specified in supplied plan | H8: Illustrative phase ordering only; actual dependencies were not supplied. | I8: Planned; task-level status not recorded
A9: 8 | B9: Frontend | C9: AF-026, AF-027, AF-028, AF-029, AF-030, AF-031, AF-032, AF-033, AF-034, AF-035, AF-036 | D9: =SUMIF('Master Tracker'!$B$2:$B$69,A9,'Master Tracker'!$G$2:$G$69) | E9: =COUNTIF('Master Tracker'!$B$2:$B$69,A9) | F9: 46292 | G9: Not specified in supplied plan | H9: Illustrative phase ordering only; actual dependencies were not supplied. | I9: Planned; task-level status not recorded
A10: 9 | B10: Engineering | C10: AF-037, AF-038, AF-039, AF-040, AF-041, AF-042, AF-043 | D10: =SUMIF('Master Tracker'!$B$2:$B$69,A10,'Master Tracker'!$G$2:$G$69) | E10: =COUNTIF('Master Tracker'!$B$2:$B$69,A10) | F10: 46294 | G10: Not specified in supplied plan | H10: Illustrative phase ordering only; actual dependencies were not supplied. | I10: Planned; task-level status not recorded
A11: 10 | B11: Deployment | C11: AF-044, AF-045 | D11: =SUMIF('Master Tracker'!$B$2:$B$69,A11,'Master Tracker'!$G$2:$G$69) | E11: =COUNTIF('Master Tracker'!$B$2:$B$69,A11) | F11: 46295 | G11: Not specified in supplied plan | H11: Illustrative phase ordering only; actual dependencies were not supplied. | I11: Planned; task-level status not recorded
A12: 11 | B12: Documentation | C12: AF-046, AF-047, AF-048, AF-049, AF-050, AF-051, AF-052, AF-053, AF-054, AF-055 | D12: =SUMIF('Master Tracker'!$B$2:$B$69,A12,'Master Tracker'!$G$2:$G$69) | E12: =COUNTIF('Master Tracker'!$B$2:$B$69,A12) | F12: 46295 | G12: Not specified in supplied plan | H12: Illustrative phase ordering only; actual dependencies were not supplied. | I12: Planned; task-level status not recorded
A13: 12 | B13: Black Book | C13: AF-056, AF-057, AF-058, AF-059, AF-060, AF-061, AF-062, AF-063 | D13: =SUMIF('Master Tracker'!$B$2:$B$69,A13,'Master Tracker'!$G$2:$G$69) | E13: =COUNTIF('Master Tracker'!$B$2:$B$69,A13) | F13: 46296 | G13: Not specified in supplied plan | H13: Illustrative phase ordering only; actual dependencies were not supplied. | I13: Planned; task-level status not recorded
... A16: 15 | B16: Final | C16: AF-068 | D16: =SUMIF('Master Tracker'!$B$2:$B$69,A16,'Master Tracker'!$G$2:$G$69) | E16: =COUNTIF('Master Tracker'!$B$2:$B$69,A16) | F16: 46298 | G16: Not specified in supplied plan | H16: Illustrative phase ordering only; actual dependencies were not supplied. | I16: Planned; task-level status not recorded

Sheet Work Log
A1: Date | B1: Task ID | C1: Owner / Actor | D1: Activity | E1: Actual Hours | F1: Evidence | G1: Outcome
A2: 46297 | B2: CLOSEOUT | C2: Automated local run (student task split not identified) | D2: Final local verification and evidence capture | F2: docs/FINAL_VERIFICATION.md | G2: Automated checks pass; model limitations recorded.

Sheet Evidence Register
A1: Evidence ID | B1: Date | C1: Task ID(s) | D1: Evidence Type | E1: Description | F1: File Path | G1: Result | H1: Verified By / Source | I1: Notes
A2: AF-E01 | B2: 46297 | C2: AF-011 | D2: Execution artifact | E2: Dataset validation | F2: evidence/dataset/validation_report.json | G2: PASS | H2: Automated local run | I2: 4,200 rows; no validation issues.
A3: AF-E02 | B3: 46297 | C3: AF-012; AF-013; AF-014 | D3: Execution artifact | E3: Analytics report | F3: evidence/metrics/analytics_report.json | G3: PASS | H3: Automated local run | I3: Funnel, cohorts, programme and attribution outputs.
A4: AF-E03 | B4: 46297 | C4: AF-016; AF-017; AF-018; AF-020 | D4: Execution artifact | E4: Model report and artifact | F4: evidence/models/model_report.json; evidence/models/admitflow_model.joblib | G4: GENERATED WITH LIMITATIONS | H4: Automated local run | I4: Random forest predicts no positives at threshold 0.5; not decision-ready.
A5: AF-E04 | B5: 46297 | C5: AF-015; AF-019; AF-023 | D5: Execution artifact | E5: Forecast report | F5: evidence/metrics/forecast_report.json | G5: PASS WITH LIMITATIONS | H5: Automated local run | I5: Two-year holdout over six annual observations.
A6: AF-E05 | B6: 46297 | C6: AF-024; AF-031 | D6: Execution artifact | E6: Scenario report | F6: evidence/metrics/scenario_report.json | G6: PASS | H6: Automated local run | I6: Deterministic scenario output.
A7: AF-E06 | B7: 46297 | C7: AF-021; AF-022; AF-023; AF-024; AF-025; AF-038 | D7: Execution artifact | E7: API smoke report | F7: evidence/api/api_smoke.json | G7: PASS | H7: Automated local run | I7: 10 protected API operations returned successfully.
A8: AF-E07 | B8: 46297 | C8: AF-022; AF-040 | D8: Execution artifact | E8: Auth boundary report | F8: evidence/security/auth_check.json | G8: PASS | H8: Automated local run | I8: 401 without token; secrets omitted.
A9: AF-E08 | B9: 46297 | C9: AF-026; AF-027 | D9: Screenshot | E9: Desktop dashboard | F9: evidence/screenshots/dashboard.png | G9: CAPTURED | H9: Automated local run | I9: Authenticated local dashboard.
A10: AF-E09 | B10: 46297 | C10: AF-026; AF-028; AF-029; AF-030; AF-032 | D10: Screenshot | E10: Mobile dashboard | F10: evidence/screenshots/dashboard-mobile.png | G10: CAPTURED | H10: Automated local run | I10: 390px dashboard; not per-page evidence.
A11: AF-E10 | B11: 46297 | C11: AF-037; AF-038; AF-039; AF-040; AF-064 | D11: Test output | E11: Backend tests | F11: evidence/tests/backend_pytest.txt | G11: PASS | H11: Automated local run | I11: 20 passed.
A12: AF-E11 | B12: 46297 | C12: AF-036; AF-037; AF-064 | D12: Test output | E12: Frontend tests | F12: evidence/tests/frontend_vitest.txt | G12: PASS | H12: Automated local run | I12: 3 passed.
A13: AF-E12 | B13: 46297 | C13: AF-037; AF-042 | D13: Test output | E13: Frontend lint | F13: evidence/tests/frontend_lint.txt | G13: PASS | H13: Automated local run | I13: Final verification records lint as clean; not CI/CD evidence.
... A16: AF-E15 | B16: 46297 | C16: AF-031 | D16: Screenshot | E16: Scenario UI | F16: evidence/screenshots/scenario.png | G16: CAPTURED | H16: Automated local run | I16: Scenario at twice baseline application volume.
A17: AF-E16 | B17: Not recorded | C17: AF-026; AF-027; AF-030; AF-031 | D17: Screenshot set | E17: Redesigned UI captures | F17: evidence/screenshots/dashboard-redesign.png; evidence/screenshots/dashboard-dark.png; evidence/screenshots/dashboard-mobile-redesign.png; evidence/screenshots/scenario-redesign.png; evidence/screenshots/login-redesign.png; evidence/screenshots/assistant-offline.png | G17: CAPTURED | H17: Evidence artifacts | I17: Individual capture date not in manifest.

Sheet Test Register
A1: Test ID | B1: Task ID(s) | C1: Test | D1: Command | E1: Expected | F1: Actual | G1: Status | H1: Evidence
A2: AF-T01 | B2: AF-037; AF-039; AF-040; AF-064 | C2: Backend pytest suite | D2: python -m pytest -q | E2: All tests pass | F2: 20 passed; 0 failed | G2: PASS | H2: evidence/tests/backend_pytest.txt
A3: AF-T02 | B3: AF-036; AF-037; AF-064 | C3: Frontend Vitest suite | D3: npm test | E3: All tests pass | F3: 3 passed | G3: PASS | H3: evidence/tests/frontend_vitest.txt
A4: AF-T03 | B4: AF-037; AF-042 | C4: Frontend lint | D4: npm run lint | E4: No diagnostics | F4: Clean per final verification | G4: PASS | H4: evidence/tests/frontend_lint.txt
A5: AF-T04 | B5: AF-045 | C5: Frontend production build | D5: npm run build | E5: Build succeeds | F5: Build succeeded; bundle-size warning present | G5: PASS WITH WARNING | H5: evidence/tests/frontend_build.txt
A6: AF-T05 | B6: AF-021; AF-022; AF-023; AF-024; AF-025; AF-038 | C6: Authenticated API smoke checks | D6: python scripts/capture_evidence.py | E6: Protected routes respond successfully | F6: 10 protected route operations successful | G6: PASS | H6: evidence/api/api_smoke.json

Sheet Model Results
A1: Plan Task IDs | B1: Model | C1: Dataset | D1: Target | E1: ROC-AUC | F1: PR-AUC | G1: Accuracy | H1: Precision | I1: Recall | J1: F1 | K1: Run Date | L1: Artifact | M1: Status / Interpretation
A2: AF-016; AF-018; AF-020 | B2: Logistic Regression | C2: data/admission_data.csv (synthetic) | D2: enrolled | E2: 0.5573 | F2: 0.0964 | G2: 0.6143 | H2: 0.1028 | I2: 0.4659 | J2: 0.1684 | K2: 46297 | L2: evidence/models/model_report.json; evidence/models/admitflow_model.joblib | M2: Evaluated; weak discrimination; not decision-ready.
A3: AF-017; AF-018; AF-020 | B3: Random Forest | C3: data/admission_data.csv (synthetic) | D3: enrolled | E3: 0.5195 | F3: 0.1037 | G3: 0.9162 | H3: 0 | I3: 0 | J3: 0 | K3: 46297 | L3: evidence/models/model_report.json; evidence/models/admitflow_model.joblib | M3: Evaluated; predicts no positive cases at threshold 0.5; not decision-ready.

Sheet Submission Checklist
A1: Submission Item | B1: Current Value / State | C1: Basis / Action Needed
A2: Project title | B2: Admission Conversion Forecasting with Funnel Attribution and Scenario Simulation | C2: docs/ADMITFLOW_BLACK_BOOK.md
A3: Project name | B3: AdmitFlow v2 | C3: docs/PROJECT_SPEC.md
A4: Students | B4: Samiksha; Zahir | C4: Named in black book; no per-task contribution split recorded.
A5: Programme / course | B5: T.Y. B.Sc. Data Science; BDS-03 Capstone Project | C5: Confirm exact college-required wording.
A6: Academic year | B6: 2026-27 | C6: docs/ADMITFLOW_BLACK_BOOK.md
A7: College | B7: KES' Shroff College | C7: Confirm official legal/institute name and cover-page format.
A8: Project guide | B8: Not provided | C8: Obtain guide name and required approval/signature.
A9: PRN / roll numbers / division / semester | B9: Not provided or confirmed | C9: Complete from official student records.
A10: Schedule dates | B10: Illustrative planned dates: 25-Sep-2026 to 03-Oct-2026 | C10: Synthetic planning placeholders only; replace with actual dates if this is intended as a historical work record.
A11: Task completion dates | B11: Not recorded | C11: Source tracker has no task completion dates.
A12: Actual hours | B12: To be entered by students | C12: Actual-hours cells are intentionally blank in Master Tracker and Work Log.
... A16: Known project limitations | B16: Synthetic data; weak classifiers; short forecast history; process-local audit log; build-size warning | C16: See docs/FINAL_VERIFICATION.md and docs/ADMITFLOW_BLACK_BOOK.md.

Sheet Legacy Crosswalk
A1: Legacy Task ID | B1: Legacy Task | C1: Planned Distribution Task IDs | D1: Crosswalk Note
A2: A1 | B2: Create project specification | C2: AF-001; AF-005; AF-006; AF-007 | D2: Scope and requirements.
A3: A2 | B3: Create architecture blueprint | C3: AF-008; AF-021; AF-046; AF-047; AF-048; AF-049 | D3: Architecture/API/design documentation.
A4: A3 | B4: Create development plan | C4: AF-003; AF-004 | D4: Repository workflow and backlog.
A5: A4 | B5: Create acceptance criteria | C5: AF-002; AF-006; AF-064 | D5: Acceptance and regression criteria.
A6: A5 | B6: Initialize evidence structure | C6: AF-051; AF-052 | D6: Testing and evidence indexing.
A7: A6 | B7: Create Git repository | C7: AF-003 | D7: Repository and workflow.
A8: A7 | B8: Generate synthetic dataset | C8: AF-008; AF-009; AF-010; AF-011 | D8: Data model, dictionary, intake plan, validation.
A9: A8 | B9: Build funnel analytics | C9: AF-012 | D9: Funnel calculations.
A10: A9 | B10: Build cohort analytics | C10: AF-013; AF-014 | D10: Cohorts and programme comparison.
A11: A10 | B11: Implement attribution | C11: No direct granular attribution task in supplied distribution | D11: Attribution remains in existing analytics evidence; no exact planned row is identified.
A12: A11 | B12: Train baseline and advanced models | C12: AF-015; AF-016; AF-017; AF-018; AF-020 | D12: Model planning, training and evaluation.
... A18: A17 | B18: Prepare final project report | C18: AF-046; AF-047; AF-048; AF-049; AF-050; AF-051; AF-052; AF-053; AF-054; AF-055; AF-056; AF-057; AF-058; AF-059; AF-060; AF-061; AF-062; AF-063; AF-067 | D18: Documentation and submission.

Sheet Samiksha Work Log
A1: Illustrative Planned Date | B1: Task ID | C1: Planned Task / Activity | D1: Assignment Basis | E1: Planned Hours | F1: Actual Hours | G1: Actual Work Performed | H1: Evidence (confirm contribution) | I1: Outcome / Completion Notes | J1: Entry Status
A2: 46290 | B2: AF-002 | C2: Review BDS-03 requirements and acceptance gates | D2: Assigned to Samiksha in supplied plan | E2: 3 | H2: Potential project reference; verify this supports individual contribution: docs/ACCEPTANCE_CRITERIA.md; docs/PROJECT_SPEC.md | J2: PLANNED ONLY - confirm actual work
A3: 46290 | B3: AF-004 | C3: Create backlog and milestone plan | D3: Assigned to Samiksha in supplied plan | E3: 4 | H3: Potential project reference; verify this supports individual contribution: docs/DEVELOPMENT_PLAN.md | J3: PLANNED ONLY - confirm actual work
A4: 46290 | B4: AF-005 | C4: Stakeholder map and personas | D4: Assigned to Samiksha in supplied plan | E4: 4 | H4: Potential project reference; verify this supports individual contribution: docs/PROJECT_SPEC.md; docs/ADMITFLOW_BLACK_BOOK.md | J4: PLANNED ONLY - confirm actual work
A5: 46290 | B5: AF-006 | C5: User stories and acceptance criteria | D5: Assigned to Samiksha in supplied plan | E5: 5 | H5: Potential project reference; verify this supports individual contribution: docs/ACCEPTANCE_CRITERIA.md; docs/PROJECT_SPEC.md | J5: PLANNED ONLY - confirm actual work
A6: 46290 | B6: AF-007 | C6: Misuse cases, risks and scope exclusions | D6: Assigned to Samiksha in supplied plan | E6: 4 | H6: Potential project reference; verify this supports individual contribution: docs/PROJECT_SPEC.md; docs/ADMITFLOW_BLACK_BOOK.md | J6: PLANNED ONLY - confirm actual work
A7: 46295 | B7: AF-046 | C7: C4 architecture and data-flow diagrams | D7: Assigned to Samiksha in supplied plan | E7: 5 | H7: Potential project reference; verify this supports individual contribution: docs/ARCHITECTURE.md; docs/ADMITFLOW_BLACK_BOOK.md | J7: PLANNED ONLY - confirm actual work
A8: 46295 | B8: AF-047 | C8: ER diagram | D8: Assigned to Samiksha in supplied plan | E8: 4 | H8: Potential project reference; verify this supports individual contribution: docs/ADMITFLOW_BLACK_BOOK.md (database ER diagram) | J8: PLANNED ONLY - confirm actual work
A9: 46295 | B9: AF-048 | C9: DFD Level 0/1 | D9: Assigned to Samiksha in supplied plan | E9: 5 | H9: Potential project reference; verify this supports individual contribution: docs/ARCHITECTURE.md; docs/ADMITFLOW_BLACK_BOOK.md | J9: PLANNED ONLY - confirm actual work
A10: 46295 | B10: AF-049 | C10: UML use-case/class/sequence/state | D10: Assigned to Samiksha in supplied plan | E10: 7 | H10: Potential project reference; verify this supports individual contribution: docs/ARCHITECTURE.md; docs/ADMITFLOW_BLACK_BOOK.md | J10: PLANNED ONLY - confirm actual work
A11: 46295 | B11: AF-050 | C11: Gantt chart | D11: Assigned to Samiksha in supplied plan | E11: 3 | H11: Potential project reference; verify this supports individual contribution: docs/ADMITFLOW_BLACK_BOOK.md (schedule note; dated Gantt is unsupported because task dates are absent). | J11: PLANNED ONLY - confirm actual work
A12: 46295 | B12: AF-051 | C12: Test-case documentation | D12: Assigned to Samiksha in supplied plan | E12: 7 | H12: Potential project reference; verify this supports individual contribution: docs/TESTING.md; tests/; evidence/tests/ | J12: PLANNED ONLY - confirm actual work
A13: 46296 | B13: AF-052 | C13: Results/screenshots/evidence index | D13: Assigned to Samiksha in supplied plan | E13: 5 | H13: Potential project reference; verify this supports individual contribution: docs/EVIDENCE.md; evidence/reports/evidence_manifest.json; evidence/screenshots/ | J13: PLANNED ONLY - confirm actual work
... A29: 46298 | B29: AF-068 | C29: Finalize actual contribution evidence and logs | D29: Joint assignment (verify each student's contribution) | E29: 4 | H29: To be completed only if work is performed and an artifact is created. | J29: PLANNED ONLY - confirm actual work

Sheet Zahir Work Log
A1: Illustrative Planned Date | B1: Task ID | C1: Planned Task / Activity | D1: Assignment Basis | E1: Planned Hours | F1: Actual Hours | G1: Actual Work Performed | H1: Evidence (confirm contribution) | I1: Outcome / Completion Notes | J1: Entry Status
A2: 46290 | B2: AF-001 | C2: Finalize AdmitFlow product scope and positioning | D2: Assigned to Zahir in supplied plan | E2: 3 | H2: Potential project reference; verify this supports individual contribution: docs/PROJECT_SPEC.md; docs/ADMITFLOW_BLACK_BOOK.md | J2: PLANNED ONLY - confirm actual work
A3: 46290 | B3: AF-003 | C3: Set up GitHub repo, issue board and workflow | D3: Assigned to Zahir in supplied plan | E3: 3 | H3: Potential project reference; verify this supports individual contribution: .git; Git history (repository metadata) | J3: PLANNED ONLY - confirm actual work
A4: 46290 | B4: AF-008 | C4: Admission funnel/event data model | D4: Assigned to Zahir in supplied plan | E4: 6 | H4: Potential project reference; verify this supports individual contribution: docs/ARCHITECTURE.md; docs/DATA_DICTIONARY.md; backend/admitflow/analytics.py | J4: PLANNED ONLY - confirm actual work
A5: 46290 | B5: AF-009 | C5: Data dictionary and synthetic-data protocol if needed | D5: Assigned to Zahir in supplied plan | E5: 5 | H5: Potential project reference; verify this supports individual contribution: backend/admitflow/data_generator.py; scripts/generate_dataset.py; docs/DATA_DICTIONARY.md | J5: PLANNED ONLY - confirm actual work
A6: 46291 | B6: AF-010 | C6: Data intake/import | D6: Assigned to Zahir in supplied plan | E6: 6 | H6: To be completed only if work is performed and an artifact is created. | J6: PLANNED ONLY - confirm actual work
A7: 46291 | B7: AF-011 | C7: Data validation and quality checks | D7: Assigned to Zahir in supplied plan | E7: 6 | H7: Potential project reference; verify this supports individual contribution: evidence/dataset/validation_report.json; backend/admitflow/data_generator.py | J7: PLANNED ONLY - confirm actual work
A8: 46291 | B8: AF-012 | C8: Funnel conversion calculations | D8: Assigned to Zahir in supplied plan | E8: 7 | H8: Potential project reference; verify this supports individual contribution: evidence/metrics/analytics_report.json; backend/admitflow/analytics.py | J8: PLANNED ONLY - confirm actual work
A9: 46291 | B9: AF-013 | C9: Cohort analytics and filters | D9: Assigned to Zahir in supplied plan | E9: 7 | H9: Potential project reference; verify this supports individual contribution: evidence/metrics/analytics_report.json; backend/admitflow/analytics.py | J9: PLANNED ONLY - confirm actual work
A10: 46291 | B10: AF-014 | C10: Programme comparison | D10: Assigned to Zahir in supplied plan | E10: 5 | H10: Potential project reference; verify this supports individual contribution: evidence/metrics/analytics_report.json; backend/admitflow/analytics.py | J10: PLANNED ONLY - confirm actual work
A11: 46291 | B11: AF-015 | C11: Target, prediction horizon and leakage rules | D11: Assigned to Zahir in supplied plan | E11: 4 | H11: Potential project reference; verify this supports individual contribution: docs/MODEL_METHODOLOGY.md; backend/admitflow/forecast.py | J11: PLANNED ONLY - confirm actual work
A12: 46291 | B12: AF-016 | C12: Reproducible baseline model | D12: Assigned to Zahir in supplied plan | E12: 7 | H12: Potential project reference; verify this supports individual contribution: evidence/models/model_report.json; evidence/models/admitflow_model.joblib; backend/admitflow/ml.py | J12: PLANNED ONLY - confirm actual work
A13: 46291 | B13: AF-017 | C13: Advanced model | D13: Assigned to Zahir in supplied plan | E13: 9 | H13: Potential project reference; verify this supports individual contribution: evidence/models/model_report.json; evidence/models/admitflow_model.joblib; backend/admitflow/ml.py | J13: PLANNED ONLY - confirm actual work
... A46: 46298 | B46: AF-068 | C46: Finalize actual contribution evidence and logs | D46: Joint assignment (verify each student's contribution) | E46: 4 | H46: To be completed only if work is performed and an artifact is created. | J46: PLANNED ONLY - confirm actual work
